Unit,Sales,sales_normalized
45716,114290000,645.6507936507936
36273,90682500,495.76190476190476
54132,135330000,779.2380952380952
